{
    "acc": 0.6875,
    "precision": 0.6402877697841727,
    "recall": 0.36475409836065575,
    "f1_score": 0.4647519582245431
}